iso_code,location,date,total_cases,new_cases,total_deaths,new_deaths,total_cases_per_million,new_cases_per_million,total_deaths_per_million,new_deaths_per_million,total_tests,new_tests,total_tests_per_thousand,new_tests_per_thousand,tests_units,population,population_density,median_age,aged_65_older,aged_70_older,gdp_per_capita,extreme_poverty,cvd_death_rate,diabetes_prevalence,female_smokers,male_smokers,handwashing_facilities,hospital_beds_per_100k
OWID_WRL,World,2019-12-31,27,27,0,0,0.003,0.003,0.0,0.0,,,,,,7794798729.0,58.045,30.9,8.696,5.355,15469.207,10.0,233.07,8.51,6.434,34.635,60.13,2.705
OWID_WRL,World,2020-01-01,27,0,0,0,0.003,0.0,0.0,0.0,,,,,,7794798729.0,58.045,30.9,8.696,5.355,15469.207,10.0,233.07,8.51,6.434,34.635,60.13,2.705
OWID_WRL,World,2020-01-02,27,0,0,0,0.003,0.0,0.0,0.0,,,,,,7794798729.0,58.045,30.9,8.696,5.355,15469.207,10.0,233.07,8.51,6.434,34.635,60.13,2.705
OWID_WRL,World,2020-01-03,44,17,0,0,0.006,0.002,0.0,0.0,,,,,,7794798729.0,58.045,30.9,8.696,5.355,15469.207,10.0,233.07,8.51,6.434,34.635,60.13,2.705
OWID_WRL,World,2020-01-04,44,0,0,0,0.006,0.0,0.0,0.0,,,,,,7794798729.0,58.045,30.9,8.696,5.355,15469.207,10.0,233.07,8.51,6.434,34.635,60.13,2.705
OWID_WRL,World,2020-01-05,59,15,0,0,0.008,0.002,0.0,0.0,,,,,,7794798729.0,58.045,30.9,8.696,5.355,15469.207,10.0,233.07,8.51,6.434,34.635,60.13,2.705
OWID_WRL,World,2020-01-06,59,0,0,0,0.008,0.0,0.0,0.0,,,,,,7794798729.0,58.045,30.9,8.696,5.355,15469.207,10.0,233.07,8.51,6.434,34.635,60.13,2.705
OWID_WRL,World,2020-01-07,59,0,0,0,0.008,0.0,0.0,0.0,,,,,,7794798729.0,58.045,30.9,8.696,5.355,15469.207,10.0,233.07,8.51,6.434,34.635,60.13,2.705
OWID_WRL,World,2020-01-08,59,0,0,0,0.008,0.0,0.0,0.0,,,,,,7794798729.0,58.045,30.9,8.696,5.355,15469.207,10.0,233.07,8.51,6.434,34.635,60.13,2.705
OWID_WRL,World,2020-01-09,59,0,0,0,0.008,0.0,0.0,0.0,,,,,,7794798729.0,58.045,30.9,8.696,5.355,15469.207,10.0,233.07,8.51,6.434,34.635,60.13,2.705
OWID_WRL,World,2020-01-10,59,0,0,0,0.008,0.0,0.0,0.0,,,,,,7794798729.0,58.045,30.9,8.696,5.355,15469.207,10.0,233.07,8.51,6.434,34.635,60.13,2.705
OWID_WRL,World,2020-01-11,59,0,1,1,0.008,0.0,0.0,0.0,,,,,,7794798729.0,58.045,30.9,8.696,5.355,15469.207,10.0,233.07,8.51,6.434,34.635,60.13,2.705
OWID_WRL,World,2020-01-12,59,0,1,0,0.008,0.0,0.0,0.0,,,,,,7794798729.0,58.045,30.9,8.696,5.355,15469.207,10.0,233.07,8.51,6.434,34.635,60.13,2.705
OWID_WRL,World,2020-01-13,60,1,1,0,0.008,0.0,0.0,0.0,,,,,,7794798729.0,58.045,30.9,8.696,5.355,15469.207,10.0,233.07,8.51,6.434,34.635,60.13,2.705
OWID_WRL,World,2020-01-14,60,0,1,0,0.008,0.0,0.0,0.0,,,,,,7794798729.0,58.045,30.9,8.696,5.355,15469.207,10.0,233.07,8.51,6.434,34.635,60.13,2.705
OWID_WRL,World,2020-01-15,61,1,2,1,0.008,0.0,0.0,0.0,,,,,,7794798729.0,58.045,30.9,8.696,5.355,15469.207,10.0,233.07,8.51,6.434,34.635,60.13,2.705
OWID_WRL,World,2020-01-16,61,0,2,0,0.008,0.0,0.0,0.0,,,,,,7794798729.0,58.045,30.9,8.696,5.355,15469.207,10.0,233.07,8.51,6.434,34.635,60.13,2.705
OWID_WRL,World,2020-01-17,66,5,2,0,0.008,0.001,0.0,0.0,,,,,,7794798729.0,58.045,30.9,8.696,5.355,15469.207,10.0,233.07,8.51,6.434,34.635,60.13,2.705
OWID_WRL,World,2020-01-18,83,17,2,0,0.011000000000000001,0.002,0.0,0.0,,,,,,7794798729.0,58.045,30.9,8.696,5.355,15469.207,10.0,233.07,8.51,6.434,34.635,60.13,2.705
OWID_WRL,World,2020-01-19,219,136,3,1,0.027999999999999997,0.017,0.0,0.0,,,,,,7794798729.0,58.045,30.9,8.696,5.355,15469.207,10.0,233.07,8.51,6.434,34.635,60.13,2.705
OWID_WRL,World,2020-01-20,239,20,3,0,0.031,0.003,0.0,0.0,,,,,,7794798729.0,58.045,30.9,8.696,5.355,15469.207,10.0,233.07,8.51,6.434,34.635,60.13,2.705
OWID_WRL,World,2020-01-21,392,153,6,3,0.05,0.02,0.001,0.0,,,,,,7794798729.0,58.045,30.9,8.696,5.355,15469.207,10.0,233.07,8.51,6.434,34.635,60.13,2.705
OWID_WRL,World,2020-01-22,534,142,17,11,0.069,0.018000000000000002,0.002,0.001,,,,,,7794798729.0,58.045,30.9,8.696,5.355,15469.207,10.0,233.07,8.51,6.434,34.635,60.13,2.705
OWID_WRL,World,2020-01-23,631,97,17,0,0.081,0.012,0.002,0.0,,,,,,7794798729.0,58.045,30.9,8.696,5.355,15469.207,10.0,233.07,8.51,6.434,34.635,60.13,2.705
OWID_WRL,World,2020-01-24,897,266,26,9,0.115,0.034,0.003,0.001,,,,,,7794798729.0,58.045,30.9,8.696,5.355,15469.207,10.0,233.07,8.51,6.434,34.635,60.13,2.705
OWID_WRL,World,2020-01-25,1350,453,41,15,0.17300000000000001,0.057999999999999996,0.005,0.002,,,,,,7794798729.0,58.045,30.9,8.696,5.355,15469.207,10.0,233.07,8.51,6.434,34.635,60.13,2.705
OWID_WRL,World,2020-01-26,2023,673,56,15,0.26,0.086,0.006999999999999999,0.002,,,,,,7794798729.0,58.045,30.9,8.696,5.355,15469.207,10.0,233.07,8.51,6.434,34.635,60.13,2.705
OWID_WRL,World,2020-01-27,2820,797,81,25,0.36200000000000004,0.102,0.01,0.003,,,,,,7794798729.0,58.045,30.9,8.696,5.355,15469.207,10.0,233.07,8.51,6.434,34.635,60.13,2.705
OWID_WRL,World,2020-01-28,4587,1767,106,25,0.588,0.22699999999999998,0.013999999999999999,0.003,,,,,,7794798729.0,58.045,30.9,8.696,5.355,15469.207,10.0,233.07,8.51,6.434,34.635,60.13,2.705
OWID_WRL,World,2020-01-29,6067,1480,132,26,0.778,0.19,0.017,0.003,,,,,,7794798729.0,58.045,30.9,8.696,5.355,15469.207,10.0,233.07,8.51,6.434,34.635,60.13,2.705
OWID_WRL,World,2020-01-30,7823,1756,170,38,1.004,0.225,0.022000000000000002,0.005,,,,,,7794798729.0,58.045,30.9,8.696,5.355,15469.207,10.0,233.07,8.51,6.434,34.635,60.13,2.705
OWID_WRL,World,2020-01-31,9826,2003,213,43,1.261,0.257,0.027000000000000003,0.006,,,,,,7794798729.0,58.045,30.9,8.696,5.355,15469.207,10.0,233.07,8.51,6.434,34.635,60.13,2.705
OWID_WRL,World,2020-02-01,11946,2120,259,46,1.5330000000000001,0.272,0.033,0.006,,,,,,7794798729.0,58.045,30.9,8.696,5.355,15469.207,10.0,233.07,8.51,6.434,34.635,60.13,2.705
OWID_WRL,World,2020-02-02,14554,2608,305,46,1.867,0.335,0.039,0.006,,,,,,7794798729.0,58.045,30.9,8.696,5.355,15469.207,10.0,233.07,8.51,6.434,34.635,60.13,2.705
OWID_WRL,World,2020-02-03,17372,2818,362,57,2.229,0.36200000000000004,0.046,0.006999999999999999,,,,,,7794798729.0,58.045,30.9,8.696,5.355,15469.207,10.0,233.07,8.51,6.434,34.635,60.13,2.705
OWID_WRL,World,2020-02-04,20615,3243,427,65,2.645,0.41600000000000004,0.055,0.008,,,,,,7794798729.0,58.045,30.9,8.696,5.355,15469.207,10.0,233.07,8.51,6.434,34.635,60.13,2.705
OWID_WRL,World,2020-02-05,24522,3907,493,66,3.1460000000000004,0.501,0.063,0.008,,,,,,7794798729.0,58.045,30.9,8.696,5.355,15469.207,10.0,233.07,8.51,6.434,34.635,60.13,2.705
OWID_WRL,World,2020-02-06,28273,3751,565,72,3.627,0.48100000000000004,0.07200000000000001,0.009000000000000001,,,,,,7794798729.0,58.045,30.9,8.696,5.355,15469.207,10.0,233.07,8.51,6.434,34.635,60.13,2.705
OWID_WRL,World,2020-02-07,31491,3218,638,73,4.04,0.413,0.08199999999999999,0.009000000000000001,,,,,,7794798729.0,58.045,30.9,8.696,5.355,15469.207,10.0,233.07,8.51,6.434,34.635,60.13,2.705
OWID_WRL,World,2020-02-08,34933,3442,724,86,4.482,0.442,0.09300000000000001,0.011000000000000001,,,,,,7794798729.0,58.045,30.9,8.696,5.355,15469.207,10.0,233.07,8.51,6.434,34.635,60.13,2.705
OWID_WRL,World,2020-02-09,37552,2619,813,89,4.8180000000000005,0.336,0.10400000000000001,0.011000000000000001,,,,,,7794798729.0,58.045,30.9,8.696,5.355,15469.207,10.0,233.07,8.51,6.434,34.635,60.13,2.705
OWID_WRL,World,2020-02-10,40540,2988,910,97,5.2010000000000005,0.38299999999999995,0.11699999999999999,0.012,,,,,,7794798729.0,58.045,30.9,8.696,5.355,15469.207,10.0,233.07,8.51,6.434,34.635,60.13,2.705
OWID_WRL,World,2020-02-11,43105,2565,1018,108,5.53,0.32899999999999996,0.131,0.013999999999999999,,,,,,7794798729.0,58.045,30.9,8.696,5.355,15469.207,10.0,233.07,8.51,6.434,34.635,60.13,2.705
OWID_WRL,World,2020-02-12,45177,2072,1115,97,5.796,0.266,0.14300000000000002,0.012,,,,,,7794798729.0,58.045,30.9,8.696,5.355,15469.207,10.0,233.07,8.51,6.434,34.635,60.13,2.705
OWID_WRL,World,2020-02-13,60328,15151,1370,255,7.74,1.944,0.17600000000000002,0.033,,,,,,7794798729.0,58.045,30.9,8.696,5.355,15469.207,10.0,233.07,8.51,6.434,34.635,60.13,2.705
OWID_WRL,World,2020-02-14,64543,4215,1383,13,8.28,0.541,0.177,0.002,,,,,,7794798729.0,58.045,30.9,8.696,5.355,15469.207,10.0,233.07,8.51,6.434,34.635,60.13,2.705
OWID_WRL,World,2020-02-15,67103,2560,1527,144,8.609,0.32799999999999996,0.196,0.018000000000000002,,,,,,7794798729.0,58.045,30.9,8.696,5.355,15469.207,10.0,233.07,8.51,6.434,34.635,60.13,2.705
OWID_WRL,World,2020-02-16,69265,2162,1669,142,8.886000000000001,0.27699999999999997,0.214,0.018000000000000002,,,,,,7794798729.0,58.045,30.9,8.696,5.355,15469.207,10.0,233.07,8.51,6.434,34.635,60.13,2.705
OWID_WRL,World,2020-02-17,71332,2067,1775,106,9.151,0.265,0.228,0.013999999999999999,,,,,,7794798729.0,58.045,30.9,8.696,5.355,15469.207,10.0,233.07,8.51,6.434,34.635,60.13,2.705
OWID_WRL,World,2020-02-18,73327,1995,1873,98,9.407,0.256,0.24,0.013000000000000001,,,,,,7794798729.0,58.045,30.9,8.696,5.355,15469.207,10.0,233.07,8.51,6.434,34.635,60.13,2.705
OWID_WRL,World,2020-02-19,75191,1864,2012,139,9.646,0.239,0.258,0.018000000000000002,,,,,,7794798729.0,58.045,30.9,8.696,5.355,15469.207,10.0,233.07,8.51,6.434,34.635,60.13,2.705
OWID_WRL,World,2020-02-20,75723,532,2128,116,9.715,0.068,0.273,0.015,,,,,,7794798729.0,58.045,30.9,8.696,5.355,15469.207,10.0,233.07,8.51,6.434,34.635,60.13,2.705
OWID_WRL,World,2020-02-21,76719,996,2247,119,9.842,0.128,0.28800000000000003,0.015,,,,,,7794798729.0,58.045,30.9,8.696,5.355,15469.207,10.0,233.07,8.51,6.434,34.635,60.13,2.705
OWID_WRL,World,2020-02-22,77804,1085,2359,112,9.982000000000001,0.139,0.303,0.013999999999999999,,,,,,7794798729.0,58.045,30.9,8.696,5.355,15469.207,10.0,233.07,8.51,6.434,34.635,60.13,2.705
OWID_WRL,World,2020-02-23,78812,1008,2463,104,10.111,0.129,0.316,0.013000000000000001,,,,,,7794798729.0,58.045,30.9,8.696,5.355,15469.207,10.0,233.07,8.51,6.434,34.635,60.13,2.705
OWID_WRL,World,2020-02-24,79339,527,2619,156,10.177999999999999,0.068,0.336,0.02,,,,,,7794798729.0,58.045,30.9,8.696,5.355,15469.207,10.0,233.07,8.51,6.434,34.635,60.13,2.705
OWID_WRL,World,2020-02-25,80132,793,2698,79,10.28,0.102,0.34600000000000003,0.01,,,,,,7794798729.0,58.045,30.9,8.696,5.355,15469.207,10.0,233.07,8.51,6.434,34.635,60.13,2.705
OWID_WRL,World,2020-02-26,80997,865,2762,64,10.390999999999998,0.111,0.354,0.008,,,,,,7794798729.0,58.045,30.9,8.696,5.355,15469.207,10.0,233.07,8.51,6.434,34.635,60.13,2.705
OWID_WRL,World,2020-02-27,82106,1109,2800,38,10.533,0.142,0.359,0.005,,,,,,7794798729.0,58.045,30.9,8.696,5.355,15469.207,10.0,233.07,8.51,6.434,34.635,60.13,2.705
OWID_WRL,World,2020-02-28,83375,1269,2857,57,10.696,0.163,0.36700000000000005,0.006999999999999999,,,,,,7794798729.0,58.045,30.9,8.696,5.355,15469.207,10.0,233.07,8.51,6.434,34.635,60.13,2.705
OWID_WRL,World,2020-02-29,85223,1848,2921,64,10.933,0.237,0.375,0.008,,,,,,7794798729.0,58.045,30.9,8.696,5.355,15469.207,10.0,233.07,8.51,6.434,34.635,60.13,2.705
OWID_WRL,World,2020-03-01,87042,1819,2979,58,11.167,0.233,0.382,0.006999999999999999,,,,,,7794798729.0,58.045,30.9,8.696,5.355,15469.207,10.0,233.07,8.51,6.434,34.635,60.13,2.705
OWID_WRL,World,2020-03-02,89121,2079,3046,67,11.433,0.267,0.391,0.009000000000000001,,,,,,7794798729.0,58.045,30.9,8.696,5.355,15469.207,10.0,233.07,8.51,6.434,34.635,60.13,2.705
OWID_WRL,World,2020-03-03,90943,1822,3118,72,11.667,0.23399999999999999,0.4,0.009000000000000001,,,,,,7794798729.0,58.045,30.9,8.696,5.355,15469.207,10.0,233.07,8.51,6.434,34.635,60.13,2.705
OWID_WRL,World,2020-03-04,93193,2250,3202,84,11.956,0.289,0.41100000000000003,0.011000000000000001,,,,,,7794798729.0,58.045,30.9,8.696,5.355,15469.207,10.0,233.07,8.51,6.434,34.635,60.13,2.705
OWID_WRL,World,2020-03-05,95464,2271,3282,80,12.247,0.29100000000000004,0.42100000000000004,0.01,,,,,,7794798729.0,58.045,30.9,8.696,5.355,15469.207,10.0,233.07,8.51,6.434,34.635,60.13,2.705
OWID_WRL,World,2020-03-06,98442,2978,3384,102,12.629000000000001,0.382,0.434,0.013000000000000001,,,,,,7794798729.0,58.045,30.9,8.696,5.355,15469.207,10.0,233.07,8.51,6.434,34.635,60.13,2.705
OWID_WRL,World,2020-03-07,102524,4082,3488,104,13.152999999999999,0.524,0.447,0.013000000000000001,,,,,,7794798729.0,58.045,30.9,8.696,5.355,15469.207,10.0,233.07,8.51,6.434,34.635,60.13,2.705
OWID_WRL,World,2020-03-08,106488,3964,3585,97,13.661,0.509,0.46,0.012,,,,,,7794798729.0,58.045,30.9,8.696,5.355,15469.207,10.0,233.07,8.51,6.434,34.635,60.13,2.705
OWID_WRL,World,2020-03-09,110633,4145,3813,228,14.193,0.532,0.489,0.028999999999999998,,,,,,7794798729.0,58.045,30.9,8.696,5.355,15469.207,10.0,233.07,8.51,6.434,34.635,60.13,2.705
OWID_WRL,World,2020-03-10,115331,4698,4021,208,14.796,0.603,0.516,0.027000000000000003,,,,,,7794798729.0,58.045,30.9,8.696,5.355,15469.207,10.0,233.07,8.51,6.434,34.635,60.13,2.705
OWID_WRL,World,2020-03-11,120250,4919,4293,272,15.427,0.631,0.551,0.035,,,,,,7794798729.0,58.045,30.9,8.696,5.355,15469.207,10.0,233.07,8.51,6.434,34.635,60.13,2.705
OWID_WRL,World,2020-03-12,127785,7535,4619,326,16.394000000000002,0.9670000000000001,0.593,0.042,,,,,,7794798729.0,58.045,30.9,8.696,5.355,15469.207,10.0,233.07,8.51,6.434,34.635,60.13,2.705
OWID_WRL,World,2020-03-13,136806,9021,4968,349,17.551,1.157,0.637,0.045,,,,,,7794798729.0,58.045,30.9,8.696,5.355,15469.207,10.0,233.07,8.51,6.434,34.635,60.13,2.705
OWID_WRL,World,2020-03-14,146675,9869,5407,439,18.817,1.266,0.6940000000000001,0.055999999999999994,,,,,,7794798729.0,58.045,30.9,8.696,5.355,15469.207,10.0,233.07,8.51,6.434,34.635,60.13,2.705
OWID_WRL,World,2020-03-15,158808,12133,5768,361,20.374000000000002,1.557,0.74,0.046,,,,,,7794798729.0,58.045,30.9,8.696,5.355,15469.207,10.0,233.07,8.51,6.434,34.635,60.13,2.705
OWID_WRL,World,2020-03-16,171165,12357,6514,746,21.959,1.585,0.836,0.096,,,,,,7794798729.0,58.045,30.9,8.696,5.355,15469.207,10.0,233.07,8.51,6.434,34.635,60.13,2.705
OWID_WRL,World,2020-03-17,184905,13740,7112,598,23.721999999999998,1.7630000000000001,0.912,0.077,,,,,,7794798729.0,58.045,30.9,8.696,5.355,15469.207,10.0,233.07,8.51,6.434,34.635,60.13,2.705
OWID_WRL,World,2020-03-18,201363,16458,7912,800,25.833000000000002,2.1109999999999998,1.015,0.10300000000000001,,,,,,7794798729.0,58.045,30.9,8.696,5.355,15469.207,10.0,233.07,8.51,6.434,34.635,60.13,2.705
OWID_WRL,World,2020-03-19,221172,19809,8854,942,28.374000000000002,2.541,1.136,0.121,,,,,,7794798729.0,58.045,30.9,8.696,5.355,15469.207,10.0,233.07,8.51,6.434,34.635,60.13,2.705
OWID_WRL,World,2020-03-20,251542,30370,9897,1043,32.27,3.8960000000000004,1.27,0.134,,,,,,7794798729.0,58.045,30.9,8.696,5.355,15469.207,10.0,233.07,8.51,6.434,34.635,60.13,2.705
OWID_WRL,World,2020-03-21,282895,31353,11266,1369,36.293,4.022,1.445,0.17600000000000002,,,,,,7794798729.0,58.045,30.9,8.696,5.355,15469.207,10.0,233.07,8.51,6.434,34.635,60.13,2.705
OWID_WRL,World,2020-03-22,316942,34047,12966,1700,40.661,4.368,1.663,0.218,,,,,,7794798729.0,58.045,30.9,8.696,5.355,15469.207,10.0,233.07,8.51,6.434,34.635,60.13,2.705
OWID_WRL,World,2020-03-23,350942,34000,14607,1641,45.023,4.362,1.874,0.21100000000000002,,,,,,7794798729.0,58.045,30.9,8.696,5.355,15469.207,10.0,233.07,8.51,6.434,34.635,60.13,2.705
OWID_WRL,World,2020-03-24,393837,42895,16387,1780,50.526,5.502999999999999,2.102,0.228,,,,,,7794798729.0,58.045,30.9,8.696,5.355,15469.207,10.0,233.07,8.51,6.434,34.635,60.13,2.705
OWID_WRL,World,2020-03-25,434723,40886,18651,2264,55.771,5.245,2.3930000000000002,0.29,,,,,,7794798729.0,58.045,30.9,8.696,5.355,15469.207,10.0,233.07,8.51,6.434,34.635,60.13,2.705
OWID_WRL,World,2020-03-26,486947,52224,21224,2573,62.471000000000004,6.7,2.7230000000000003,0.33,,,,,,7794798729.0,58.045,30.9,8.696,5.355,15469.207,10.0,233.07,8.51,6.434,34.635,60.13,2.705
OWID_WRL,World,2020-03-27,547297,60350,23973,2749,70.21300000000001,7.742000000000001,3.076,0.353,,,,,,7794798729.0,58.045,30.9,8.696,5.355,15469.207,10.0,233.07,8.51,6.434,34.635,60.13,2.705
OWID_WRL,World,2020-03-28,611632,64335,27395,3422,78.467,8.254,3.515,0.439,,,,,,7794798729.0,58.045,30.9,8.696,5.355,15469.207,10.0,233.07,8.51,6.434,34.635,60.13,2.705
OWID_WRL,World,2020-03-29,674897,63265,30888,3493,86.583,8.116,3.963,0.44799999999999995,,,,,,7794798729.0,58.045,30.9,8.696,5.355,15469.207,10.0,233.07,8.51,6.434,34.635,60.13,2.705
OWID_WRL,World,2020-03-30,732707,57810,34017,3129,93.999,7.416,4.364,0.401,,,,,,7794798729.0,58.045,30.9,8.696,5.355,15469.207,10.0,233.07,8.51,6.434,34.635,60.13,2.705
OWID_WRL,World,2020-03-31,796268,63561,37911,3894,102.154,8.154,4.864,0.5,,,,,,7794798729.0,58.045,30.9,8.696,5.355,15469.207,10.0,233.07,8.51,6.434,34.635,60.13,2.705
OWID_WRL,World,2020-04-01,868867,72599,42540,4629,111.46799999999999,9.314,5.457000000000001,0.594,,,,,,7794798729.0,58.045,30.9,8.696,5.355,15469.207,10.0,233.07,8.51,6.434,34.635,60.13,2.705
OWID_WRL,World,2020-04-02,945624,76757,47447,4907,121.315,9.847000000000001,6.087000000000001,0.63,,,,,,7794798729.0,58.045,30.9,8.696,5.355,15469.207,10.0,233.07,8.51,6.434,34.635,60.13,2.705
OWID_WRL,World,2020-04-03,1022366,76742,52403,4956,131.16,9.845,6.723,0.636,,,,,,7794798729.0,58.045,30.9,8.696,5.355,15469.207,10.0,233.07,8.51,6.434,34.635,60.13,2.705
OWID_WRL,World,2020-04-04,1103314,80948,59034,6631,141.545,10.385,7.574,0.851,,,,,,7794798729.0,58.045,30.9,8.696,5.355,15469.207,10.0,233.07,8.51,6.434,34.635,60.13,2.705
OWID_WRL,World,2020-04-05,1188306,84992,65179,6145,152.44899999999998,10.904000000000002,8.362,0.7879999999999999,,,,,,7794798729.0,58.045,30.9,8.696,5.355,15469.207,10.0,233.07,8.51,6.434,34.635,60.13,2.705
OWID_WRL,World,2020-04-06,1257241,68935,69854,4675,161.292,8.844,8.962,0.6,,,,,,7794798729.0,58.045,30.9,8.696,5.355,15469.207,10.0,233.07,8.51,6.434,34.635,60.13,2.705
OWID_WRL,World,2020-04-07,1329576,72335,75120,5266,170.572,9.28,9.637,0.6759999999999999,,,,,,7794798729.0,58.045,30.9,8.696,5.355,15469.207,10.0,233.07,8.51,6.434,34.635,60.13,2.705
OWID_WRL,World,2020-04-08,1404566,74990,82783,7663,180.19299999999998,9.621,10.62,0.983,,,,,,7794798729.0,58.045,30.9,8.696,5.355,15469.207,10.0,233.07,8.51,6.434,34.635,60.13,2.705
OWID_WRL,World,2020-04-09,1489045,84479,89219,6436,191.03099999999998,10.838,11.446,0.826,,,,,,7794798729.0,58.045,30.9,8.696,5.355,15469.207,10.0,233.07,8.51,6.434,34.635,60.13,2.705
OWID_WRL,World,2020-04-10,1574850,85805,96664,7445,202.03900000000002,11.008,12.401,0.955,,,,,,7794798729.0,58.045,30.9,8.696,5.355,15469.207,10.0,233.07,8.51,6.434,34.635,60.13,2.705
OWID_WRL,World,2020-04-11,1664170,89320,103885,7221,213.497,11.459000000000001,13.327,0.9259999999999999,,,,,,7794798729.0,58.045,30.9,8.696,5.355,15469.207,10.0,233.07,8.51,6.434,34.635,60.13,2.705
OWID_WRL,World,2020-04-12,1744940,80770,109911,6026,223.86,10.362,14.100999999999999,0.773,,,,,,7794798729.0,58.045,30.9,8.696,5.355,15469.207,10.0,233.07,8.51,6.434,34.635,60.13,2.705
OWID_WRL,World,2020-04-13,1816194,71254,115177,5266,233.00099999999998,9.141,14.776,0.6759999999999999,,,,,,7794798729.0,58.045,30.9,8.696,5.355,15469.207,10.0,233.07,8.51,6.434,34.635,60.13,2.705
OWID_WRL,World,2020-04-14,1882211,66017,120548,5371,241.47,8.469,15.465,0.6890000000000001,,,,,,7794798729.0,58.045,30.9,8.696,5.355,15469.207,10.0,233.07,8.51,6.434,34.635,60.13,2.705
OWID_WRL,World,2020-04-15,1958813,76602,128152,7604,251.297,9.827,16.441,0.976,,,,,,7794798729.0,58.045,30.9,8.696,5.355,15469.207,10.0,233.07,8.51,6.434,34.635,60.13,2.705
OWID_WRL,World,2020-04-16,2038561,79748,138672,10520,261.528,10.231,17.79,1.35,,,,,,7794798729.0,58.045,30.9,8.696,5.355,15469.207,10.0,233.07,8.51,6.434,34.635,60.13,2.705
OWID_WRL,World,2020-04-17,2121523,82962,147381,8709,272.172,10.642999999999999,18.908,1.117,,,,,,7794798729.0,58.045,30.9,8.696,5.355,15469.207,10.0,233.07,8.51,6.434,34.635,60.13,2.705
OWID_WRL,World,2020-04-18,2203417,81894,155949,8568,282.678,10.505999999999998,20.007,1.099,,,,,,7794798729.0,58.045,30.9,8.696,5.355,15469.207,10.0,233.07,8.51,6.434,34.635,60.13,2.705
OWID_WRL,World,2020-04-19,2283158,79741,162442,6493,292.908,10.23,20.84,0.833,,,,,,7794798729.0,58.045,30.9,8.696,5.355,15469.207,10.0,233.07,8.51,6.434,34.635,60.13,2.705
OWID_WRL,World,2020-04-20,2355301,72143,167478,5036,302.163,9.255,21.486,0.6459999999999999,,,,,,7794798729.0,58.045,30.9,8.696,5.355,15469.207,10.0,233.07,8.51,6.434,34.635,60.13,2.705
OWID_WRL,World,2020-04-21,2431261,75960,172814,5336,311.908,9.745,22.17,0.685,,,,,,7794798729.0,58.045,30.9,8.696,5.355,15469.207,10.0,233.07,8.51,6.434,34.635,60.13,2.705
OWID_WRL,World,2020-04-22,2516991,85730,180098,7284,322.906,10.998,23.105,0.934,,,,,,7794798729.0,58.045,30.9,8.696,5.355,15469.207,10.0,233.07,8.51,6.434,34.635,60.13,2.705
OWID_WRL,World,2020-04-23,2583279,66288,186201,6103,331.411,8.504,23.888,0.7829999999999999,,,,,,7794798729.0,58.045,30.9,8.696,5.355,15469.207,10.0,233.07,8.51,6.434,34.635,60.13,2.705
OWID_WRL,World,2020-04-24,2660713,77434,193645,7444,341.345,9.934,24.843000000000004,0.955,,,,,,7794798729.0,58.045,30.9,8.696,5.355,15469.207,10.0,233.07,8.51,6.434,34.635,60.13,2.705
OWID_WRL,World,2020-04-25,2733581,72868,199077,5432,350.69300000000004,9.347999999999999,25.54,0.6970000000000001,,,,,,7794798729.0,58.045,30.9,8.696,5.355,15469.207,10.0,233.07,8.51,6.434,34.635,60.13,2.705
OWID_WRL,World,2020-04-26,2835026,101445,205323,6246,363.707,13.014000000000001,26.340999999999998,0.8009999999999999,,,,,,7794798729.0,58.045,30.9,8.696,5.355,15469.207,10.0,233.07,8.51,6.434,34.635,60.13,2.705
OWID_WRL,World,2020-04-27,2918082,83056,209251,3928,374.36300000000006,10.655,26.845,0.504,,,,,,7794798729.0,58.045,30.9,8.696,5.355,15469.207,10.0,233.07,8.51,6.434,34.635,60.13,2.705
OWID_WRL,World,2020-04-28,2983864,65782,214141,4890,382.80199999999996,8.439,27.471999999999998,0.627,,,,,,7794798729.0,58.045,30.9,8.696,5.355,15469.207,10.0,233.07,8.51,6.434,34.635,60.13,2.705
OWID_WRL,World,2020-04-29,3055429,71565,220659,6518,391.983,9.181000000000001,28.308000000000003,0.836,,,,,,7794798729.0,58.045,30.9,8.696,5.355,15469.207,10.0,233.07,8.51,6.434,34.635,60.13,2.705
OWID_WRL,World,2020-04-30,3133235,77806,227330,6671,401.965,9.982000000000001,29.164,0.856,,,,,,7794798729.0,58.045,30.9,8.696,5.355,15469.207,10.0,233.07,8.51,6.434,34.635,60.13,2.705
OWID_WRL,World,2020-05-01,3217821,84586,232864,5534,412.816,10.852,29.874000000000002,0.71,,,,,,7794798729.0,58.045,30.9,8.696,5.355,15469.207,10.0,233.07,8.51,6.434,34.635,60.13,2.705
OWID_WRL,World,2020-05-02,3309563,91742,238702,5838,424.586,11.77,30.623,0.7490000000000001,,,,,,7794798729.0,58.045,30.9,8.696,5.355,15469.207,10.0,233.07,8.51,6.434,34.635,60.13,2.705
OWID_WRL,World,2020-05-03,3390732,81169,243471,4769,434.999,10.413,31.235,0.612,,,,,,7794798729.0,58.045,30.9,8.696,5.355,15469.207,10.0,233.07,8.51,6.434,34.635,60.13,2.705
OWID_WRL,World,2020-05-04,3469241,78509,247158,3687,445.07099999999997,10.072000000000001,31.708000000000002,0.473,,,,,,7794798729.0,58.045,30.9,8.696,5.355,15469.207,10.0,233.07,8.51,6.434,34.635,60.13,2.705
OWID_WRL,World,2020-05-05,3546401,77160,251157,3999,454.97,9.899,32.221,0.513,,,,,,7794798729.0,58.045,30.9,8.696,5.355,15469.207,10.0,233.07,8.51,6.434,34.635,60.13,2.705
OWID_WRL,World,2020-05-06,3625588,79187,257109,5952,465.129,10.158999999999999,32.985,0.764,,,,,,7794798729.0,58.045,30.9,8.696,5.355,15469.207,10.0,233.07,8.51,6.434,34.635,60.13,2.705
OWID_WRL,World,2020-05-07,3715414,89826,263495,6386,476.653,11.524000000000001,33.804,0.8190000000000001,,,,,,7794798729.0,58.045,30.9,8.696,5.355,15469.207,10.0,233.07,8.51,6.434,34.635,60.13,2.705
OWID_WRL,World,2020-05-08,3809599,94185,269243,5748,488.736,12.083,34.541,0.737,,,,,,7794798729.0,58.045,30.9,8.696,5.355,15469.207,10.0,233.07,8.51,6.434,34.635,60.13,2.705
OWID_WRL,World,2020-05-09,3899738,90139,274511,5268,500.3,11.564,35.217,0.6759999999999999,,,,,,7794798729.0,58.045,30.9,8.696,5.355,15469.207,10.0,233.07,8.51,6.434,34.635,60.13,2.705
OWID_WRL,World,2020-05-10,3989894,90156,278951,4440,511.866,11.565999999999999,35.787,0.57,,,,,,7794798729.0,58.045,30.9,8.696,5.355,15469.207,10.0,233.07,8.51,6.434,34.635,60.13,2.705
OWID_WRL,World,2020-05-11,4066883,76989,282361,3410,521.743,9.877,36.224000000000004,0.43700000000000006,,,,,,7794798729.0,58.045,30.9,8.696,5.355,15469.207,10.0,233.07,8.51,6.434,34.635,60.13,2.705
OWID_WRL,World,2020-05-12,4137915,71032,285930,3569,530.856,9.113,36.681999999999995,0.45799999999999996,,,,,,7794798729.0,58.045,30.9,8.696,5.355,15469.207,10.0,233.07,8.51,6.434,34.635,60.13,2.705
OWID_WRL,World,2020-05-13,4223701,85786,291696,5766,541.861,11.005999999999998,37.422,0.74,,,,,,7794798729.0,58.045,30.9,8.696,5.355,15469.207,10.0,233.07,8.51,6.434,34.635,60.13,2.705
OWID_WRL,World,2020-05-14,4309652,85951,296883,5187,552.888,11.027000000000001,38.086999999999996,0.665,,,,,,7794798729.0,58.045,30.9,8.696,5.355,15469.207,10.0,233.07,8.51,6.434,34.635,60.13,2.705
OWID_WRL,World,2020-05-15,4406317,96665,302253,5370,565.289,12.401,38.775999999999996,0.6890000000000001,,,,,,7794798729.0,58.045,30.9,8.696,5.355,15469.207,10.0,233.07,8.51,6.434,34.635,60.13,2.705
OWID_WRL,World,2020-05-16,4504351,98034,307398,5145,577.866,12.577,39.436,0.66,,,,,,7794798729.0,58.045,30.9,8.696,5.355,15469.207,10.0,233.07,8.51,6.434,34.635,60.13,2.705
OWID_WRL,World,2020-05-17,4598546,94195,311675,4277,589.951,12.084000000000001,39.985,0.5489999999999999,,,,,,7794798729.0,58.045,30.9,8.696,5.355,15469.207,10.0,233.07,8.51,6.434,34.635,60.13,2.705
OWID_WRL,World,2020-05-18,4679511,80965,315005,3330,600.3380000000001,10.387,40.412,0.42700000000000005,,,,,,7794798729.0,58.045,30.9,8.696,5.355,15469.207,10.0,233.07,8.51,6.434,34.635,60.13,2.705
